incident_severity,insured_hobbies,incident_type,vehicle_claim,total_claim_amount,authorities_contacted,property_claim,insured_occupation,incident_state,auto_make,fraud_reported
0,17,2,52080,71610,4,13020,2,4,10,1
1,15,3,3510,5070,4,780,6,5,8,1
1,2,0,23100,34650,4,3850,11,1,4,0
0,2,2,50720,63400,4,6340,1,2,3,1
1,2,3,4550,6500,2,650,11,1,0,0
0,3,0,51280,64100,1,6410,12,4,10,1
1,2,0,50050,78650,4,7150,9,1,9,0
2,0,0,32830,51590,4,9380,12,5,1,0
2,9,2,22160,27700,4,2770,7,6,12,0
2,4,2,32900,42300,3,4700,8,0,10,0
2,7,2,63280,87010,4,15820,3,1,5,0
0,16,0,79560,114920,1,17680,3,4,1,0
2,15,2,42390,56520,0,9420,10,4,10,0
1,3,1,5040,7280,2,1120,1,4,12,0
2,2,2,33600,46200,4,8400,6,4,4,1
0,12,0,42080,63120,3,10520,13,6,0,1
0,10,0,40530,52110,3,5790,6,1,9,0
2,15,2,56640,77880,4,7080,6,6,11,0
2,19,2,53040,72930,3,13260,2,1,0,0
0,4,0,48320,60400,4,6040,5,5,9,0
1,3,0,41920,47160,4,5240,7,1,11,0
2,16,0,33110,37840,4,4730,6,4,0,0
0,13,0,47680,71520,0,5960,9,4,11,1
2,5,2,73620,98160,0,16360,8,6,4,1
1,11,2,56640,77880,3,14160,2,5,5,0
0,14,0,44000,71500,3,11000,11,2,5,1
1,9,1,6560,9020,4,820,9,3,12,0
1,5,3,4160,5720,2,520,3,5,11,1
1,11,2,46560,69840,3,15520,11,4,4,0
1,1,2,63450,91650,4,14100,6,4,0,0
0,18,0,50400,75600,0,12600,9,4,12,0
0,15,0,52220,67140,4,7460,2,6,5,1
2,19,0,23170,29790,4,3310,0,1,2,0
0,18,0,49070,77110,0,14020,4,1,11,0
2,19,2,48600,64800,1,5400,9,6,1,0
0,15,2,37170,53100,3,5310,2,6,8,1
2,4,2,48160,60200,4,6020,10,1,11,1
1,9,1,3280,5330,2,820,8,6,11,0
0,3,0,43610,62300,4,6230,2,1,7,0
0,18,2,38290,60170,0,10940,12,0,9,1
1,11,2,28000,40000,0,4000,12,6,2,0
0,5,2,64720,97080,4,16180,13,6,2,1
1,10,0,40180,51660,3,5740,9,4,4,0
2,15,2,39760,51120,3,5680,13,0,8,0
1,15,2,33840,56400,3,11280,8,4,12,0
2,19,0,48230,55120,3,0,10,1,0,0
2,14,0,63090,77110,1,14020,7,0,6,0
0,11,0,50240,62800,1,6280,7,6,1,1
3,7,3,5670,7290,4,810,10,1,13,0
2,12,2,53620,76600,3,7660,3,6,8,0
1,3,0,57260,81800,1,8180,7,1,9,0
3,14,3,5280,7260,2,660,4,1,2,0
1,1,3,3440,4300,2,430,1,6,12,0
0,12,0,44870,70510,4,12820,8,0,11,0
1,12,1,1680,2640,4,480,6,5,5,0
1,16,2,55230,78900,1,7890,2,1,3,0
0,5,0,50160,56430,1,6270,9,4,6,0
1,10,1,1800,2400,2,300,0,5,3,0
2,19,2,51170,65790,0,7310,7,6,10,0
1,11,0,45760,62920,4,5720,0,5,5,0
0,0,0,54040,69480,4,0,6,1,9,1
2,1,0,33210,44280,3,3690,5,2,6,0
1,3,2,39410,56300,3,11260,1,6,2,0
0,18,0,51390,68520,1,5710,13,6,11,1
2,5,0,45990,59130,1,6570,11,5,5,1
1,5,0,61740,82320,0,6860,3,1,4,1
1,13,2,62100,89700,1,13800,12,4,1,1
1,15,0,30160,33930,1,3770,0,6,2,0
0,12,2,49840,68530,0,6230,6,6,1,0
1,11,1,2580,4300,2,860,7,0,5,0
0,17,0,49680,68310,3,6210,9,4,1,1
2,6,2,47670,61290,3,6810,1,6,6,1
1,13,2,27090,30100,0,0,11,0,3,0
1,9,0,42840,57120,1,4760,13,4,8,0
1,19,0,28620,42930,0,4770,11,5,2,0
2,3,0,34140,51210,0,5690,13,4,5,0
1,9,0,67050,89400,1,7450,5,1,11,0
2,7,0,38010,59730,4,10860,13,6,1,0
1,11,3,5580,8060,2,1240,7,4,10,0
0,14,2,50540,72200,1,7220,5,4,2,1
1,13,0,30480,50800,0,10160,3,0,0,0
3,18,3,4620,6600,2,1320,3,0,0,0
1,3,3,5250,7500,4,1500,7,1,9,0
3,18,3,4130,6490,2,1180,3,5,13,0
0,12,0,44320,60940,0,11080,9,1,1,1
0,2,0,40810,58300,1,11660,13,1,11,0
1,19,0,45600,68400,3,11400,8,4,5,0
2,19,2,40880,64240,1,11680,7,5,2,0
3,11,1,3290,4700,2,470,9,6,4,0
0,8,0,39480,45120,3,5640,3,4,0,1
2,2,0,46350,66950,1,10300,11,4,10,0
0,8,2,71520,98340,4,17880,12,1,6,1
3,19,1,4720,5900,2,590,4,6,2,0
0,8,0,53010,70680,0,11780,3,0,5,0
2,10,0,68160,93720,0,8520,6,4,8,0
1,8,3,5040,6930,2,630,1,2,12,0
0,10,2,59670,72930,1,6630,10,5,4,1
1,16,0,50470,64890,3,7210,4,4,9,1
3,11,1,3600,5400,2,900,6,6,10,0
3,15,3,4200,5600,2,700,3,0,1,0
1,19,2,47580,79300,4,15860,10,4,10,0
0,8,2,36960,52800,4,5280,12,6,10,0
1,3,0,25200,28800,1,3600,9,0,5,0
1,11,1,2310,2970,4,330,12,6,12,0
2,1,0,70110,93480,4,7790,7,4,3,0
1,11,3,3360,4320,2,480,9,6,8,0
0,1,0,53200,79800,4,19950,9,5,10,1
0,4,0,51940,74200,0,14840,5,6,13,0
0,1,2,48870,70590,1,10860,6,1,10,1
0,5,0,44320,60940,1,11080,11,1,9,1
1,18,2,52290,74700,4,14940,9,4,4,0
0,7,2,49000,70000,1,7000,2,0,5,1
2,14,0,51590,81070,3,14740,3,6,2,0
0,4,0,33670,57720,3,9620,10,5,10,0
1,15,3,4720,7080,2,1180,1,5,5,0
2,10,0,33390,47700,3,9540,6,1,0,1
1,3,2,32620,51260,4,9320,6,4,11,0
0,8,0,51200,70400,4,12800,3,1,12,1
1,19,2,63000,90000,1,9000,13,1,5,0
1,4,0,52960,72820,4,6620,0,1,2,0
1,2,2,41580,69300,1,13860,8,4,13,0
0,18,2,51040,76560,0,12760,7,1,5,1
0,16,2,49280,55440,0,6160,7,5,9,1
2,12,0,51420,77130,3,17140,9,0,0,0
2,13,2,28000,42000,0,7000,9,6,2,0
2,7,0,23100,36300,0,9900,2,1,5,0
2,18,2,28800,40320,3,5760,10,6,11,0
1,8,1,2970,3960,4,660,12,3,2,0
0,1,2,42560,63840,1,10640,4,1,2,1
0,17,0,34790,44730,1,4970,11,4,10,1
1,4,0,56480,84720,3,14120,6,1,5,0
0,13,0,43050,61500,3,12300,0,6,4,0
0,8,0,34000,51000,0,8500,12,0,9,0
2,16,2,32760,46800,4,9360,6,6,7,0
1,1,2,52080,78120,0,8680,3,6,2,0
0,19,2,48440,69200,4,6920,3,1,13,1
1,8,3,2870,3690,4,410,11,5,5,0
1,9,0,52400,65500,1,6550,12,4,2,0
1,1,0,55360,76120,1,6920,9,0,12,0
2,10,0,49040,73560,3,12260,7,5,2,0
2,4,2,37840,52030,4,4730,6,1,8,0
3,18,3,3760,5170,2,940,13,4,11,0
1,18,1,5040,8190,2,1260,6,4,3,0
0,19,2,49560,70800,0,14160,3,4,0,1
2,18,0,35490,45630,4,5070,4,6,0,0
0,6,2,76400,99320,4,15280,3,0,0,1
0,14,0,44800,64000,1,6400,12,0,2,1
1,9,2,37840,47300,1,4730,7,6,9,0
0,15,2,53760,71680,3,8960,0,4,13,1
0,16,2,77760,112320,3,17280,2,4,11,1
2,0,2,60160,82720,3,15040,4,1,1,0
0,14,0,32040,48060,1,5340,8,0,8,0
2,11,0,44010,63570,4,9780,3,1,13,1
2,13,0,42160,63240,1,10540,2,6,11,0
1,15,0,36160,54240,0,9040,7,0,10,1
0,3,2,37280,37280,4,0,11,1,1,1
1,8,0,50470,72100,4,14420,3,1,7,0
1,10,1,4550,6500,2,650,9,6,10,0
2,12,0,52160,78240,0,13040,6,6,11,0
1,18,3,4340,6200,4,620,13,1,6,0
1,15,1,3920,6160,4,1680,8,5,8,0
2,7,2,52650,76050,0,11700,4,4,3,0
2,14,0,59580,86060,0,13240,3,1,13,0
0,17,2,75530,107900,1,21580,9,4,4,1
2,14,0,63630,99990,1,18180,9,3,8,0
1,3,0,44640,61380,0,5580,1,6,11,0
0,2,2,45360,71280,1,12960,2,6,1,1
1,19,0,44800,64000,0,6400,4,1,10,0
3,3,1,4620,5940,4,660,6,4,12,0
1,12,1,5360,6700,2,670,7,1,7,0
1,10,0,31840,51740,4,7960,1,1,7,0
2,10,2,40200,53600,0,6700,6,3,13,1
2,2,0,34930,44910,3,4990,10,4,4,0
0,11,0,29600,48100,1,7400,13,3,13,0
3,11,3,4270,6100,2,1220,4,6,5,0
1,2,2,47760,79600,3,15920,12,3,7,0
1,7,2,59920,77040,0,8560,10,2,6,0
1,11,2,39830,62590,1,11380,9,4,13,0
2,16,2,58950,85150,3,13100,1,6,3,0
3,8,3,3600,4950,2,900,12,1,3,0
0,1,0,35770,51100,1,5110,5,5,1,0
1,15,2,67200,100800,4,16800,0,4,4,0
2,8,2,57890,90970,4,16540,12,5,0,0
1,6,2,59520,81840,4,7440,12,4,3,1
0,17,2,43920,54900,0,5490,2,1,8,0
2,6,2,64480,88660,1,16120,12,1,8,1
2,3,0,13500,18000,0,2250,12,0,1,0
1,8,3,3850,5500,4,550,10,1,3,0
0,10,0,53760,73920,3,6720,12,6,6,1
2,14,2,64820,101860,0,18520,0,5,6,0
1,12,1,3430,5390,2,980,12,4,13,0
1,10,2,39270,50490,4,5610,4,4,9,0
2,1,2,38850,55500,4,11100,5,4,8,0
1,10,3,5120,7040,4,640,7,5,9,0
2,1,0,35140,40160,3,0,4,5,3,0
2,3,0,41760,55680,1,6960,5,0,10,0
3,16,3,4240,5300,4,530,1,6,7,1
3,4,1,3900,5200,2,650,0,6,0,0
0,3,2,41580,59400,0,11880,1,1,6,0
1,13,3,1960,2520,4,280,11,4,2,0
3,9,3,3840,5760,4,960,2,1,11,0
1,0,2,61360,76700,1,7670,13,6,11,0
3,2,1,4440,5920,4,740,10,1,3,0
0,13,0,50050,64350,1,7150,6,4,3,0
2,11,0,12720,19080,0,2120,11,6,10,0
1,8,2,43520,54400,4,5440,12,4,2,0
2,5,2,47840,59800,1,5980,11,4,5,1
0,9,0,57600,72000,4,7200,5,5,1,0
2,10,0,43380,65070,4,14460,0,4,8,0
3,15,1,6160,8800,4,880,11,6,11,0
1,12,3,4080,6120,4,1020,5,0,12,0
3,16,3,5310,7080,2,590,8,2,4,0
1,19,0,21450,34320,0,4290,11,1,13,0
0,15,0,34020,53460,3,9720,9,4,4,1
2,6,2,61020,81360,3,13560,3,0,11,1
1,3,0,58960,81070,0,14740,2,0,1,1
1,0,2,47340,63120,1,10520,6,1,1,0
3,19,3,5040,7200,2,720,13,0,2,0
2,8,2,51120,70290,3,6390,9,6,10,1
1,4,0,41670,60190,1,9260,8,4,2,0
0,0,2,44640,61380,3,5580,4,1,6,1
1,8,2,19670,28100,0,5620,7,1,7,0
2,19,2,31220,49060,1,8920,11,1,3,0
2,2,0,44380,57060,1,6340,11,1,8,0
0,11,0,51920,77880,1,12980,12,5,0,0
2,1,2,51450,73500,0,14700,3,1,7,0
1,13,0,68400,88920,3,13680,7,1,0,0
0,3,2,30310,47630,3,4330,9,1,12,1
2,11,0,45920,59040,1,6560,2,6,10,0
1,7,2,57840,79530,3,7230,4,4,0,0
2,0,2,43920,53680,3,4880,6,1,6,0
1,7,2,24400,33550,4,6100,9,4,13,0
2,8,0,55280,69100,3,6910,6,6,12,0
0,13,0,50750,79750,4,14500,5,2,9,0
0,14,0,37520,53600,3,10720,4,3,1,1
1,11,0,57420,76560,1,6380,13,1,9,0
2,9,2,31990,41130,1,4570,2,1,4,0
2,6,0,57200,78650,1,7150,11,4,1,1
0,15,2,51680,71060,3,12920,4,1,10,0
1,7,2,31770,38830,1,3530,4,6,11,0
0,6,2,42800,53500,1,5350,1,4,10,0
0,16,2,58960,73700,3,7370,0,5,3,1
3,4,1,5040,6300,2,630,3,4,9,0
2,13,0,43600,65400,0,10900,12,1,4,0
3,2,3,2240,3200,2,320,1,3,8,0
0,9,2,52780,75400,1,15080,12,1,4,1
1,9,2,45220,58140,1,6460,6,1,10,0
2,5,0,68310,98670,0,15180,7,4,3,1
1,9,1,4130,5900,2,590,6,4,8,0
0,13,2,51280,64100,1,6410,1,0,3,0
2,19,0,40320,55440,1,10080,13,4,11,1
0,19,0,58800,80850,4,14700,11,4,5,1
3,3,3,6120,7480,4,680,13,6,10,0
0,12,2,41720,53640,1,5960,13,2,9,1
0,0,0,46000,63250,1,11500,12,4,3,1
0,9,0,39360,59040,0,9840,4,1,4,0
2,0,0,35350,50500,3,5050,2,4,0,0
0,6,2,38460,57690,4,12820,6,4,8,1
3,0,3,4620,5940,4,660,11,1,12,0
0,7,0,37170,47790,1,5310,3,4,11,1
3,16,1,3150,3850,2,350,8,4,4,0
0,15,2,47200,59000,4,5900,7,0,5,1
0,9,0,49420,70600,0,14120,6,1,13,1
1,0,0,44720,61490,4,11180,1,4,4,0
1,11,2,41920,57640,4,10480,10,4,13,0
3,12,3,4770,6890,4,1060,2,0,1,0
0,10,0,35520,53280,1,5920,6,3,12,1
1,18,0,54810,78300,1,7830,5,4,2,0
0,15,0,32270,41490,0,4610,10,3,9,0
2,4,0,50160,68970,1,6270,6,4,3,0
1,4,0,59710,85300,4,8530,5,5,12,0
1,4,1,2240,3080,2,280,7,1,1,0
0,13,0,49680,71760,4,11040,2,6,7,1
1,16,0,35820,59700,0,11940,1,1,9,0
1,16,0,43280,64920,1,10820,7,1,5,0
0,2,0,29190,37530,0,4170,6,4,7,0
2,13,0,49840,64080,0,7120,12,6,10,0
1,6,2,43920,60390,3,5490,9,3,2,1
0,8,0,46800,64350,4,11700,1,6,9,1
1,17,0,49630,70900,4,7090,7,4,2,0
1,12,0,31040,46560,1,7760,2,3,9,0
3,6,3,3010,4730,4,860,2,1,3,1
1,18,3,4340,6820,4,1240,13,4,7,0
0,17,2,41930,59900,4,5990,12,6,2,1
0,1,0,53040,79560,4,13260,8,6,5,0
2,11,2,51120,70290,3,6390,0,5,0,0
2,10,0,46480,63910,0,11620,8,4,11,0
3,9,3,5120,6400,2,640,13,4,12,0
0,12,2,51940,66780,0,7420,5,4,5,1
1,10,1,5840,8760,4,1460,11,5,2,0
0,11,2,68480,94160,0,17120,6,0,3,0
2,9,0,34380,51570,0,11460,10,2,2,0
0,14,0,31620,52700,1,10540,5,0,2,1
1,7,2,69930,101010,1,15540,11,1,8,0
1,9,0,42720,53400,4,5340,3,0,6,1
2,1,2,48080,72120,1,12020,9,4,8,0
1,15,0,53970,77100,4,15420,10,3,1,0
3,7,1,2700,3300,4,0,5,4,4,0
1,9,1,4320,5940,2,540,0,6,9,0
0,18,0,35400,63720,3,21240,13,3,0,0
3,0,3,5760,7680,4,640,4,4,1,0
2,19,0,57680,93730,4,21630,5,1,6,0
0,0,0,52380,87300,4,17460,11,0,7,0
3,4,1,3780,5670,4,630,13,1,5,0
1,3,0,46060,65800,3,6580,8,1,0,0
0,0,2,28560,36720,3,4080,5,1,6,1
0,11,2,38400,52800,1,9600,4,4,8,1
2,6,0,47280,59100,1,5910,10,4,9,1
2,10,0,56320,77440,3,7040,6,1,11,0
2,9,0,36560,45700,1,4570,1,1,2,0
0,7,0,58720,80740,3,14680,11,4,12,1
0,0,0,22800,31350,0,5700,11,4,6,1
2,16,2,24500,35000,3,7000,5,4,11,0
2,2,0,47600,68000,4,6800,10,6,12,0
1,9,0,58500,84500,3,13000,6,4,2,0
1,3,2,52850,75500,4,15100,13,6,9,0
2,3,0,60400,90600,3,15100,3,6,2,0
2,4,0,48240,64320,0,10720,0,5,0,0
1,19,0,22190,31700,4,3170,13,1,12,0
0,15,2,49520,74280,3,12380,10,1,11,1
2,18,2,60390,80520,1,6710,11,1,12,0
0,14,0,44520,63600,3,12720,0,4,4,0
2,12,2,26240,32800,4,3280,5,6,2,0
2,2,0,29460,44190,4,4910,8,3,1,0
0,17,0,35280,50400,3,5040,3,5,6,1
2,17,0,61880,88400,4,8840,12,1,9,0
2,3,0,48400,66550,1,6050,4,1,13,0
1,19,0,47840,65780,4,11960,2,1,3,0
0,0,0,37680,51810,3,4710,1,1,1,1
0,2,2,40480,55660,3,10120,10,6,6,1
0,0,2,29760,44640,1,4960,6,1,12,0
0,15,0,56480,77660,0,14120,13,1,9,1
3,0,1,3760,5640,2,940,12,4,9,0
3,15,1,2030,3190,2,580,9,5,11,0
2,10,2,46760,53440,1,6680,9,0,5,0
1,4,2,50750,65250,4,7250,1,6,2,0
1,17,0,34440,44280,1,4920,1,4,3,0
2,4,2,54670,70290,4,7810,12,1,4,0
1,12,2,69680,87100,3,8710,8,1,10,0
2,18,0,41220,50380,1,4580,8,1,11,0
2,6,0,45360,64800,4,6480,11,5,1,1
1,12,2,44800,70400,3,12800,2,4,2,0
0,16,2,47340,57860,4,10520,1,1,11,1
1,17,3,4320,6240,2,960,10,6,5,0
2,2,2,38850,66600,4,11100,12,5,7,1
1,10,2,47280,70920,4,11820,13,5,7,0
1,16,2,26320,39480,0,6580,6,6,11,0
2,0,2,47430,63240,3,5270,5,5,8,0
2,6,0,49200,67650,3,6150,12,4,1,0
0,3,2,44520,74200,1,14840,2,4,0,1
1,14,2,38940,64900,3,12980,12,5,13,0
0,13,0,25130,35900,0,3590,6,0,1,1
1,4,2,36540,52200,1,10440,2,5,6,0
1,16,2,58500,78000,4,13000,0,4,11,0
1,0,0,53760,67200,0,6720,0,1,13,0
2,9,2,46000,63250,1,5750,9,6,9,0
0,13,0,51570,68760,3,5730,2,6,5,0
1,12,0,43360,65040,4,10840,7,1,11,0
0,19,2,48300,82800,0,13800,0,4,7,1
2,1,2,49360,61700,3,6170,8,4,10,0
0,14,0,54670,78100,0,7810,13,2,3,1
0,13,0,46800,65520,0,9360,8,4,12,1
3,14,1,3600,4500,2,450,9,5,10,0
0,15,0,36600,42700,3,6100,11,6,8,1
1,14,1,4340,5580,4,620,0,4,13,1
1,5,1,2520,3600,2,720,0,0,2,1
3,7,3,2240,2800,2,280,3,4,13,0
1,10,2,42000,54000,0,6000,0,5,12,0
1,19,2,35600,48950,4,8900,2,0,0,1
0,10,0,46680,77800,3,15560,3,6,4,0
0,8,0,35040,52560,3,5840,10,0,10,0
2,7,0,32080,44110,4,8020,4,5,6,0
2,18,2,54080,74360,3,6760,11,4,11,0
1,0,1,4760,6120,2,680,1,6,6,1
1,5,0,46710,62280,4,10380,13,4,11,0
2,15,0,17010,26730,3,4860,11,1,13,0
0,8,2,52960,66200,0,6620,2,6,4,0
2,14,2,31850,45500,1,4550,7,5,12,0
1,17,0,44200,53040,0,4420,13,1,1,0
0,15,0,35560,50800,3,5080,7,5,8,1
2,17,0,35360,44200,4,4420,2,4,1,0
1,0,2,45760,62920,4,5720,3,4,3,0
1,9,0,38850,49950,3,5550,3,1,9,1
1,5,2,43890,56430,0,6270,1,0,2,1
1,2,2,63770,100210,4,18220,10,1,1,0
1,0,0,38220,49140,1,5460,9,1,5,0
0,13,2,44560,66840,0,5570,7,6,8,0
2,4,2,48580,62460,3,6940,6,1,6,0
2,0,0,39970,62810,3,11420,6,1,9,0
0,17,2,40620,54160,0,6770,8,6,11,0
0,9,2,33880,48400,0,4840,3,6,10,0
2,9,0,40040,51480,1,5720,3,1,12,0
2,2,0,36190,51700,1,10340,9,1,10,0
2,18,0,49140,65520,3,5460,3,6,13,0
0,15,0,33390,47700,3,9540,4,2,0,1
1,18,3,4060,5220,2,580,6,4,0,0
0,8,2,54990,73320,3,12220,10,1,5,0
1,7,2,52430,74900,1,7490,0,5,7,0
3,7,3,2320,3190,4,290,9,6,10,0
1,8,2,57690,76920,0,6410,1,1,3,0
2,18,0,56720,77990,4,14180,8,6,7,0
2,0,2,41310,59670,1,9180,13,1,5,0
0,16,0,32640,44880,0,4080,2,1,8,1
1,16,2,60240,82830,0,15060,11,0,1,0
1,6,2,61440,84480,3,15360,1,4,3,1
2,16,0,55860,79800,1,7980,13,6,6,0
1,8,0,33740,53020,4,9640,0,6,12,0
2,17,0,17600,24200,4,4400,6,5,11,0
1,4,2,27510,43230,1,7860,3,2,3,0
3,6,3,2320,3190,2,580,3,0,5,0
1,14,1,3900,5850,2,650,0,6,2,0
3,18,1,4960,6820,4,1240,6,4,2,0
1,4,0,46320,69480,1,11580,4,1,3,0
0,12,0,70920,94560,1,15760,9,3,7,0
1,13,3,6240,7800,2,780,1,0,4,0
2,1,2,44560,61270,3,11140,6,6,11,0
2,3,2,53580,71440,4,8930,13,1,8,0
2,8,2,38920,55600,0,5560,8,1,7,0
3,2,3,3500,5000,4,500,8,0,7,0
1,13,2,66330,95810,3,14740,3,1,2,0
0,5,2,48510,69300,0,13860,12,4,13,0
2,18,2,47320,81120,0,20280,9,4,12,0
0,10,2,63180,91260,3,14040,5,6,12,0
1,11,2,42420,60600,1,12120,7,4,5,0
0,0,0,45360,64800,0,12960,6,1,11,1
0,1,0,48640,66880,4,12160,3,6,3,1
2,6,2,46560,58200,0,5820,4,6,2,0
1,14,2,47110,60570,4,6730,8,0,9,0
0,4,0,52260,69680,0,8710,3,0,8,1
2,3,2,38990,55700,1,11140,13,1,9,0
2,17,0,51030,62370,0,5670,13,2,4,0
2,19,0,44460,54340,3,0,8,5,10,0
0,0,2,42910,55170,4,6130,8,0,1,1
1,8,2,40950,58500,3,5850,8,1,4,0
0,16,2,46620,59940,1,6660,8,0,6,0
2,15,2,58720,73400,4,7340,6,3,4,0
0,3,2,32550,41850,1,4650,3,3,11,0
3,5,1,4480,6400,4,1280,8,0,8,1
3,17,3,2320,3190,4,290,7,6,1,0
3,14,1,4720,5900,2,590,5,5,9,0
2,19,2,44590,57330,1,6370,10,1,4,0
2,2,0,54640,81960,3,13660,12,6,4,0
0,8,2,44800,70400,1,19200,13,4,11,1
1,13,1,2610,3770,2,580,10,5,7,0
1,15,1,5180,7400,2,1480,11,0,4,0
2,5,2,42630,54810,4,6090,4,4,3,1
2,7,2,34580,49400,1,9880,8,1,7,0
1,8,2,50000,68750,1,6250,12,0,3,0
2,19,2,43050,61500,0,6150,0,4,4,0
0,15,0,55920,76890,0,13980,7,6,2,0
1,0,2,37380,56070,0,12460,7,1,12,0
2,15,2,42000,56000,1,0,13,4,3,0
3,2,1,3120,4290,2,390,8,1,1,0
2,15,0,47250,60750,3,6750,13,1,11,0
1,2,2,39870,48730,3,4430,6,1,3,0
1,18,0,60550,95150,4,17300,0,6,5,0
1,19,3,6120,7480,4,680,2,1,4,0
0,12,2,59850,79800,0,6650,13,0,13,1
2,2,2,77670,103560,3,17260,8,0,7,0
1,19,2,55650,79500,0,7950,7,1,0,0
1,0,2,55440,76230,3,13860,12,4,13,1
1,2,2,39680,59520,0,9920,10,6,6,0
0,10,0,35820,47760,4,5970,12,4,11,1
2,9,0,61520,84590,4,7690,9,1,10,0
2,16,0,47950,61650,3,6850,5,4,9,0
0,7,2,65120,81400,4,8140,5,5,2,0
0,4,0,42480,58410,1,5310,13,4,3,0
0,8,0,31590,38610,0,3510,10,5,13,0
1,19,0,38400,57600,1,9600,4,6,13,0
1,11,0,35460,53190,1,11820,10,0,13,0
0,16,2,40810,58300,3,11660,2,1,9,1
1,18,0,57440,64620,0,0,12,6,4,0
2,10,0,60320,90480,0,15080,1,6,2,0
3,11,3,4720,7080,2,1180,4,4,9,0
1,5,1,4720,6490,4,1180,3,3,12,1
2,9,0,44720,55900,4,5590,7,0,9,0
0,14,2,51040,63800,3,6380,0,4,10,1
2,6,2,43620,58160,4,7270,4,5,10,1
1,5,3,4410,6300,4,1260,1,0,8,1
0,19,2,66570,104610,1,19020,11,6,8,1
0,17,0,50800,69850,1,6350,3,4,5,0
1,14,2,44030,62900,1,6290,8,3,0,0
0,9,0,46410,59670,3,6630,5,6,13,1
1,4,0,57050,81500,3,8150,1,1,2,0
1,18,2,30000,50000,0,5000,1,0,7,0
2,8,2,30730,48290,3,8780,0,1,9,0
2,9,2,48330,59070,1,5370,7,5,3,0
1,19,0,44310,63300,4,6330,1,1,4,0
2,8,2,41860,65780,3,11960,9,4,8,0
2,6,0,52200,75400,0,11600,13,1,4,1
1,12,3,1750,2250,2,250,1,6,12,0
1,15,0,40590,54120,0,9020,6,5,7,0
0,4,0,46320,69480,3,11580,6,1,10,0
1,15,2,46350,66950,4,10300,0,1,3,0
0,2,0,44870,64100,3,6410,1,2,4,1
1,4,2,53520,80280,3,13380,9,4,3,0
3,10,3,4160,4680,4,0,6,1,0,0
1,0,0,26480,39720,0,6620,12,1,0,0
0,8,2,52020,63580,4,5780,3,1,8,1
1,4,2,53360,73370,3,6670,2,0,10,0
1,13,2,55230,86790,4,23670,2,4,6,0
0,17,2,34860,49800,4,4980,12,6,8,0
0,8,2,56320,77440,3,14080,1,6,9,0
2,2,2,34320,42900,3,0,5,4,0,0
0,16,0,35880,53820,1,5980,4,5,5,1
1,15,2,38220,57330,4,6370,11,6,7,0
1,13,0,41510,53370,4,5930,12,1,9,0
1,19,2,38720,62920,4,14520,9,1,0,0
2,2,0,43120,61600,1,12320,6,1,6,0
2,9,0,55620,74160,4,12360,11,1,8,0
2,15,2,62300,80100,4,8900,8,6,1,0
3,13,1,4920,6560,4,820,11,1,13,0
2,10,2,41160,58800,0,5880,7,6,9,0
1,5,0,35820,53730,0,5970,13,3,4,1
2,6,2,45450,60600,0,10100,7,1,6,0
2,12,2,26000,35750,3,3250,12,1,8,0
2,8,2,32130,42840,0,7140,0,6,3,0
0,10,0,58640,87960,1,14660,1,4,7,1
1,4,0,38240,47800,0,4780,10,4,7,0
3,8,3,2560,3840,4,640,12,1,3,0
2,10,2,56000,77000,1,7000,13,1,0,0
2,16,2,56070,88110,0,16020,4,6,1,0
1,10,0,39060,47740,1,4340,4,4,6,0
2,18,0,42880,58960,1,10720,2,4,5,0
1,16,1,1440,2160,4,240,12,0,12,0
3,8,3,5300,6890,4,1060,9,4,7,0
0,11,0,57360,78870,0,14340,9,5,11,0
3,1,3,2100,2700,4,300,11,4,5,0
2,11,2,63300,75960,0,6330,6,6,7,0
0,18,2,54960,75570,4,13740,11,6,2,1
1,8,2,60160,90240,4,15040,11,4,3,0
0,7,2,58880,80960,0,7360,9,4,0,0
2,16,0,59310,79080,3,13180,2,5,8,0
1,13,3,4960,6820,2,620,0,4,8,0
2,17,0,45520,62590,1,11380,1,6,9,0
0,7,2,39300,52400,3,6550,11,1,0,1
0,1,0,46240,63580,0,11560,12,6,13,0
1,15,0,49120,61400,4,6140,8,1,9,0
1,13,1,3290,4700,2,470,0,5,4,1
2,10,2,47180,74140,1,13480,9,4,2,0
0,15,2,62370,83160,3,13860,7,5,13,0
3,13,1,8300,10790,4,830,4,0,8,0
0,13,0,30590,48070,4,8740,9,0,10,0
1,9,0,34020,51030,0,11340,10,4,11,0
1,19,2,37870,43280,1,5410,9,5,6,1
0,13,2,53480,76400,1,7640,11,4,11,0
2,2,2,48020,75460,0,13720,9,5,1,0
0,14,0,48300,69000,3,6900,1,2,5,1
1,9,3,6480,8640,4,720,12,5,0,0
1,7,0,42770,67210,0,12220,1,4,2,0
2,1,0,34000,42500,0,4250,13,0,13,0
1,1,2,64800,86400,1,7200,1,4,0,0
1,5,3,2940,4620,4,840,5,4,4,1
3,4,1,5040,6930,4,1260,12,0,6,0
1,10,0,25020,41700,3,8340,11,4,10,0
0,2,2,49210,77330,3,14060,13,1,13,1
3,17,3,3600,4950,4,450,7,6,5,0
1,14,3,3440,5160,4,860,2,0,0,0
2,19,0,19110,24570,1,2730,3,6,10,1
1,12,0,39040,53680,0,9760,2,6,12,0
2,3,0,35100,42900,4,3900,4,6,3,0
1,5,2,58870,84100,1,8410,10,1,5,1
2,7,2,47880,61560,1,6840,0,1,5,0
1,10,2,33180,44240,4,5530,7,1,4,0
1,10,0,40390,57700,0,5770,10,5,7,0
1,8,2,74790,108030,3,16620,3,6,10,0
1,7,2,38010,54300,1,5430,3,4,12,0
0,12,0,21520,32280,0,5380,2,4,5,1
2,4,0,59220,84600,3,8460,6,6,3,0
2,4,2,55760,69700,3,6970,2,4,2,0
2,12,0,25480,36400,0,7280,9,6,13,0
1,13,0,28140,37520,4,4690,0,4,7,0
0,13,0,50330,79090,0,14380,7,1,4,0
0,2,2,45180,67770,3,15060,4,1,8,1
2,5,2,33180,47400,3,4740,12,2,3,1
2,16,2,49770,71100,3,14220,7,4,1,0
1,7,2,48580,69400,4,6940,7,1,2,0
0,2,0,40000,55000,3,10000,13,4,10,1
2,14,0,35370,51090,4,7860,6,6,12,0
0,4,2,38520,64200,1,19260,6,1,6,1
2,0,2,42840,67320,3,12240,11,0,5,0
0,12,0,55360,76120,3,13840,10,0,1,0
1,12,0,58860,85020,0,13080,4,4,5,0
1,14,0,43330,68090,1,12380,10,1,12,0
3,8,1,4690,6030,4,670,8,6,9,0
1,19,3,3570,5100,2,510,6,2,3,0
3,19,3,3570,4590,4,510,11,6,13,0
0,19,0,50680,72400,3,14480,3,4,3,1
0,16,2,49630,70900,1,7090,7,1,8,0
2,10,0,52080,65100,3,6510,8,6,10,0
2,5,0,49980,64260,0,14280,5,3,5,0
0,19,2,50890,79970,0,21810,1,6,6,1
2,3,2,44030,56610,4,6290,6,4,3,0
0,14,2,69210,84590,1,7690,2,5,12,1
0,17,0,44520,66780,1,14840,11,4,8,0
0,8,2,52000,58500,4,6500,4,0,5,0
3,9,1,4000,5000,4,500,9,6,4,0
3,5,1,3500,5000,4,1000,8,3,8,1
0,4,0,36300,54450,0,12100,11,1,10,0
0,3,0,48160,61920,4,6880,5,6,10,0
1,6,2,34960,43700,0,4370,3,5,9,1
1,3,2,49840,64080,3,7120,6,0,5,0
2,5,2,35000,55000,3,10000,11,4,13,1
3,18,3,3850,4400,4,550,0,6,12,0
1,12,0,53730,71640,4,11940,1,4,12,0
1,15,2,48020,61740,3,6860,6,1,0,0
2,9,2,46000,57500,0,5750,8,4,1,0
1,15,1,6090,8700,4,1740,3,1,0,0
2,14,0,53970,77100,4,7710,0,5,13,0
1,7,2,46200,59400,4,6600,8,1,4,0
1,11,0,39920,54890,1,4990,6,1,12,0
1,11,0,53840,74030,3,13460,3,6,3,0
2,5,2,39130,61490,3,11180,0,1,2,0
1,2,0,59670,79560,4,13260,5,4,13,0
1,19,1,3920,4900,4,490,11,1,12,0
2,13,0,49490,77770,3,14140,12,6,9,0
0,2,0,52290,74700,1,14940,13,4,9,1
1,17,0,32480,40600,4,4060,12,1,13,0
2,18,2,25150,45270,0,10060,4,4,7,0
1,11,0,34240,47080,0,8560,6,1,10,0
1,5,2,32560,40700,4,4070,6,4,13,1
1,14,2,25200,34650,4,3150,13,1,5,0
3,4,1,2400,3200,4,400,10,6,7,0
0,19,2,57440,78980,1,14360,6,5,10,1
1,15,1,4480,6160,2,1120,11,4,9,0
0,10,2,62000,85250,0,7750,6,0,8,0
0,4,0,54630,72840,1,6070,11,4,4,0
3,0,1,3850,6050,4,1100,3,6,12,0
0,10,2,63920,87890,1,7990,10,4,2,1
2,5,0,44000,60500,3,5500,2,1,5,1
1,11,0,56140,88220,1,16040,6,1,3,0
2,18,0,39040,53680,3,4880,9,4,0,0
1,9,2,43040,53800,1,5380,13,5,0,0
0,7,2,40770,54360,4,9060,2,1,8,1
0,3,2,39520,54340,4,4940,5,6,12,0
3,5,1,2080,2860,2,260,2,4,3,1
1,14,3,4270,5490,4,1220,2,6,10,0
3,7,3,5360,7370,4,1340,2,6,11,0
0,5,0,40640,50800,0,5080,8,0,1,1
1,18,0,31140,41520,1,5190,0,5,9,0
2,12,2,65200,89650,4,16300,1,1,4,0
2,0,0,39690,39690,4,0,7,1,11,0
0,9,2,50940,62260,0,5660,3,4,10,0
0,13,2,37760,51920,4,4720,9,0,1,1
1,3,2,38880,53460,3,4860,1,1,13,0
2,9,0,45680,57100,1,5710,0,4,6,0
2,19,0,56320,77440,0,7040,3,1,4,0
1,3,2,47810,68300,0,13660,2,1,11,0
3,0,1,3680,5060,2,920,7,1,6,0
2,5,0,39600,59400,0,13200,12,6,4,1
0,6,0,54390,69930,0,15540,13,1,5,1
1,2,0,54390,77700,4,15540,5,1,7,0
0,19,0,43750,68750,3,12500,9,4,1,1
1,12,0,57960,91080,4,16560,0,1,7,0
1,9,2,36270,48360,3,8060,2,6,1,0
0,11,2,76000,95000,3,9500,5,6,5,0
3,19,3,2730,3900,4,390,6,4,5,0
1,6,0,41580,59400,3,5940,13,0,7,1
1,4,2,46830,60210,1,6690,6,0,9,0
1,18,2,30520,43600,0,4360,11,4,11,0
2,17,0,43960,62800,4,12560,0,4,7,0
0,16,2,41650,59500,0,5950,4,5,4,0
2,16,0,41580,53460,4,5940,1,6,6,0
2,15,0,26530,41690,0,7580,0,1,10,0
1,13,2,44170,63100,0,12620,9,1,0,0
2,5,2,47160,62880,0,10480,8,6,8,1
0,13,0,46400,75400,1,11600,11,1,2,1
2,10,2,33600,46200,0,8400,6,4,1,0
0,17,2,46800,58500,0,5850,6,5,12,0
0,3,0,44160,66240,3,11040,13,4,9,0
2,4,0,49080,65440,0,8180,2,3,7,0
1,8,2,42800,64200,1,10700,11,4,5,0
1,7,0,24240,32320,0,4040,7,6,4,0
0,9,2,26040,33480,4,3720,4,4,4,0
3,14,3,2880,4320,2,960,0,5,12,0
3,8,3,2940,4200,4,420,12,4,7,0
1,17,0,42160,57970,0,5270,0,1,10,0
3,13,1,3360,4320,2,960,7,1,10,0
1,15,0,48510,69300,1,6930,6,4,5,0
1,4,0,24360,32480,4,4060,4,0,4,0
2,10,2,47040,60480,4,6720,6,1,0,0
3,14,1,1760,2640,4,440,1,0,6,0
3,16,1,4400,6050,4,1100,7,4,13,0
2,5,0,34160,42700,0,4270,5,0,10,1
0,15,2,29280,40260,0,7320,9,4,0,1
0,14,2,35000,50000,1,10000,8,1,3,0
3,9,1,2880,3840,2,320,12,1,10,0
1,18,0,61650,95900,4,20550,13,6,10,0
1,3,0,37440,56160,0,12480,3,6,1,0
0,17,2,45840,63030,4,11460,1,4,10,0
1,16,2,46160,63470,4,11540,5,1,2,0
0,12,2,32320,44440,4,4040,12,6,2,1
1,13,1,4200,6600,4,1200,9,6,7,0
1,11,0,57900,77200,0,9650,6,6,5,0
2,15,0,45600,57000,3,11400,10,6,1,0
3,12,3,2100,2700,4,300,4,6,6,0
2,11,2,34400,47300,4,8600,13,6,13,0
0,17,2,40080,55110,3,10020,12,5,9,0
3,15,3,3360,4320,4,480,7,4,8,0
2,18,0,51570,68760,4,5730,13,5,10,1
0,13,0,52080,74400,3,7440,12,6,2,1
0,0,0,28240,35300,1,3530,3,1,8,1
1,4,1,1680,2640,2,480,12,1,13,0
2,6,0,46300,60190,0,9260,11,4,8,1
0,8,0,30240,41580,1,7560,6,1,3,1
1,6,2,46800,58500,0,0,12,1,0,1
1,12,2,59490,79320,1,6610,5,4,9,0
1,5,2,67590,82610,0,7510,4,1,5,1
2,18,0,45850,78600,0,19650,8,4,4,1
1,5,2,39970,51390,0,5710,5,4,13,1
0,8,2,56160,70200,0,7020,7,0,5,1
1,0,1,2940,4900,2,1470,10,4,7,0
0,5,0,49860,66480,3,11080,10,3,10,1
0,15,2,36640,50380,1,9160,13,0,3,1
0,13,2,44550,64350,1,9900,5,4,8,0
0,10,0,38780,55400,0,11080,9,0,3,1
2,1,2,34930,49900,3,9980,9,1,4,0
1,9,0,49920,74880,0,12480,8,6,0,0
1,8,2,73260,105820,3,16280,3,1,1,0
3,9,3,5200,7150,4,650,9,3,13,0
2,7,2,33480,55800,0,11160,2,4,4,0
3,11,1,3710,5830,2,1060,11,1,4,0
0,14,2,51540,85900,0,17180,5,6,11,1
1,0,1,4740,7110,4,1580,9,2,0,0
2,11,0,26880,36960,1,3360,9,6,3,0
1,12,0,51520,64400,4,6440,12,5,4,0
1,17,1,1440,1920,2,0,0,0,3,0
0,14,2,62640,86130,4,7830,4,4,11,1
0,6,2,59760,82170,1,7470,10,5,3,1
0,4,2,35210,50300,1,5030,4,6,11,1
0,4,2,30940,44200,4,8840,9,4,11,0
0,14,2,54540,66660,0,6060,13,5,12,0
2,3,2,56960,78320,0,14240,9,4,10,0
2,16,2,72720,105040,1,16160,2,6,4,0
1,1,2,40560,50700,1,5070,0,1,0,0
2,8,0,34140,51210,1,5690,3,6,7,0
2,7,0,34560,51840,1,8640,7,4,13,0
2,8,0,42240,52800,0,5280,3,0,9,0
1,11,2,32200,55200,1,13800,9,6,6,0
1,4,3,6300,9100,2,1400,11,6,3,0
1,15,0,47320,67600,3,6760,2,6,11,0
1,9,2,27200,40800,3,6800,0,0,2,0
0,2,0,58500,84500,3,13000,6,6,13,1
0,10,0,52080,71610,3,6510,3,4,12,1
0,19,0,42420,60600,3,12120,11,4,4,1
0,15,0,54160,81240,1,20310,3,0,8,1
2,3,0,20510,29300,1,5860,1,6,1,0
2,16,0,55600,76450,1,13900,11,6,4,0
0,6,0,34580,49400,1,4940,6,1,7,0
2,11,2,57610,90530,0,16460,12,4,5,0
1,12,3,5840,8030,4,730,8,6,8,0
1,12,2,51120,63900,1,6390,5,1,0,0
1,9,0,28980,38640,1,4830,6,0,3,0
2,12,0,27660,41490,3,4610,11,1,8,0
1,10,0,57520,79090,1,7190,10,5,9,0
0,6,0,61530,87900,4,8790,6,6,4,0
2,19,2,42720,53400,0,5340,9,6,7,0
2,1,2,33110,52030,1,9460,6,4,0,0
1,3,2,59680,82060,0,7460,9,5,10,0
1,10,2,32240,48360,0,8060,10,1,9,0
1,11,0,34860,52290,3,11620,1,1,9,0
0,13,0,43400,68200,4,12400,10,4,7,1
0,1,0,40500,60750,3,6750,2,1,7,1
0,13,0,41720,65560,1,11920,0,4,13,1
1,1,0,44730,70290,4,12780,5,1,8,0
2,10,2,35000,45000,0,5000,0,4,11,0
2,17,0,43260,61800,1,6180,9,5,11,0
0,12,0,46960,64570,0,11740,13,1,7,0
1,15,2,49350,70500,3,14100,0,5,11,0
2,12,0,34740,57900,4,5790,1,4,1,0
1,18,0,42080,57860,1,10520,9,6,13,0
1,14,2,25200,37800,1,4200,13,5,3,0
2,10,2,50640,63300,0,6330,12,1,12,0
2,13,0,30940,44200,0,4420,4,6,10,0
1,19,0,24640,31680,4,3520,6,6,12,0
3,11,1,70,100,4,20,12,6,1,0
1,3,2,43820,56340,1,6260,10,6,13,0
2,16,0,57060,69740,4,6340,11,0,4,0
2,8,0,40320,60480,4,15120,8,6,13,0
1,16,0,60660,80880,4,13480,12,0,9,0
2,7,2,35920,49390,1,4490,5,6,11,0
1,18,2,46240,69360,0,11560,1,0,4,0
1,2,3,2380,3740,2,680,12,1,3,0
3,3,1,3680,5060,2,920,7,1,9,0
2,5,0,26080,35860,4,6520,6,6,2,1
0,6,0,38500,50050,0,3850,6,1,5,1
1,7,0,42960,59070,1,5370,8,1,12,0
1,2,0,22120,28440,1,3160,0,4,4,0
0,10,2,28980,45540,1,8280,12,2,6,1
1,15,2,27090,38700,1,3870,11,5,13,0
3,13,1,4240,5830,2,530,12,4,9,0
2,6,2,42930,57240,3,9540,9,1,2,1
2,8,0,33600,46200,4,8400,1,5,11,0
2,11,2,46160,57700,0,5770,4,1,12,0
1,10,0,42120,56160,1,9360,13,6,10,0
2,12,0,33300,44400,1,5550,0,6,7,0
0,15,2,67440,92730,0,8430,6,1,8,1
1,13,2,21490,30700,1,6140,2,0,12,0
0,19,2,39620,56600,1,5660,1,1,12,0
3,7,1,2640,3960,2,660,1,5,1,0
1,18,2,24360,34800,4,6960,13,4,0,0
1,11,0,63600,79500,3,7950,1,1,3,0
2,1,2,44800,56000,4,5600,9,1,3,0
1,5,2,56980,73260,0,0,6,0,13,1
3,0,1,3600,4950,2,450,2,6,12,0
1,11,2,33600,48000,0,9600,6,6,10,0
0,7,2,36540,52200,1,5220,9,4,9,0
1,7,0,49200,73800,0,12300,10,1,1,0
2,0,2,54740,78200,1,7820,10,0,1,0
0,3,2,32200,55200,0,9200,7,5,10,1
2,11,0,44380,57060,3,6340,5,1,5,0
1,7,3,3640,4680,2,520,10,6,3,0
1,6,2,42480,53100,0,5310,13,5,0,1
1,18,3,2560,3520,2,320,9,6,0,0
2,7,0,43740,72900,0,14580,12,5,9,0
2,4,2,49490,70700,4,14140,2,4,13,0
1,3,0,43760,60170,3,10940,0,4,9,0
0,13,2,54400,74800,3,6800,3,4,5,1
3,13,3,2870,4100,4,410,9,6,3,0
1,4,2,44720,61490,3,11180,9,4,4,0
3,1,3,5040,7200,2,1440,7,5,1,0
1,14,0,32800,45100,1,4100,6,1,9,0
1,4,2,48480,66660,4,6060,2,6,6,0
0,1,2,53480,76400,4,7640,9,0,13,1
2,11,2,37100,58300,0,10600,2,3,5,0
2,16,2,41680,57310,4,10420,13,4,13,0
1,12,2,41300,53100,1,5900,8,1,11,0
2,13,0,52290,74700,0,7470,8,6,11,0
0,9,0,42350,60500,1,6050,9,4,1,0
2,5,0,61760,84920,3,15440,10,0,7,1
2,10,2,44400,61050,4,11100,0,3,4,0
0,12,0,50240,69080,4,6280,3,1,1,1
1,13,3,3420,4560,2,380,9,5,9,0
2,16,0,45200,67800,4,11300,6,6,5,0
1,15,3,3920,5600,4,560,7,4,11,0
1,1,3,6300,9000,2,1800,7,0,8,0
2,11,2,56880,85320,4,7110,13,5,9,0
3,9,3,4320,5940,2,1080,6,0,1,1
0,12,0,37360,51370,1,4670,1,4,2,1
0,15,2,36120,51600,4,5160,10,4,4,0
3,9,1,4200,5400,2,600,4,4,3,0
1,15,0,38010,48870,1,5430,2,4,10,0
1,15,3,3870,5590,4,860,12,6,2,0
0,4,0,48090,54960,3,0,10,1,12,1
1,18,0,27860,39800,4,3980,9,5,7,0
0,5,0,43680,56160,0,6240,1,4,5,1
2,9,2,36890,52700,1,10540,8,5,12,0
1,0,0,53340,68580,1,7620,11,1,7,0
0,2,2,58410,90860,0,19470,2,1,13,1
3,3,1,4560,5700,4,570,8,0,10,0
2,9,0,77670,94930,4,8630,9,1,0,0
0,18,2,32760,46800,0,9360,4,4,1,1
2,14,0,42240,56320,1,7040,3,1,8,0
1,5,2,60720,83490,1,15180,5,6,9,0
2,9,0,46320,57900,4,5790,6,6,10,0
2,11,0,38430,49410,1,5490,1,4,1,0
1,15,0,52960,66200,1,6620,12,6,11,0
1,15,2,42720,64080,1,10680,8,1,12,0
1,7,0,29750,42500,3,4250,12,4,9,0
2,3,0,35600,48950,3,4450,3,4,11,0
1,9,0,37450,58850,3,10700,0,1,0,0
1,9,0,65920,82400,3,8240,7,1,9,0
1,3,2,40680,54240,0,6780,7,6,11,0
1,18,0,59360,74200,3,7420,1,4,7,0
2,0,2,36890,47430,1,5270,8,6,12,0
0,14,2,47740,68200,1,6820,8,4,4,1
1,8,2,49700,63900,1,7100,1,1,0,0
2,16,0,41510,59300,0,5930,10,1,4,0
1,5,0,46830,66900,3,13380,8,4,11,1
0,16,0,29680,40810,4,7420,4,2,5,1
2,16,2,52780,75400,1,7540,3,1,6,0
1,3,1,2940,4200,2,840,9,6,7,0
0,5,0,40950,52650,0,5850,6,1,5,1
0,11,2,26880,42240,0,7680,1,6,3,0
1,15,2,46270,59490,3,6610,11,0,8,0
0,0,2,35360,44200,0,4420,12,4,7,1
3,15,3,5390,7700,4,1540,10,6,10,0
2,8,0,40960,61440,3,10240,8,1,10,0
0,17,0,38080,54400,1,10880,5,4,3,1
2,14,2,39040,58560,3,9760,8,0,8,0
0,18,2,53840,67300,1,6730,8,5,4,1
0,16,2,26720,36740,1,6680,4,5,2,1
2,7,2,54530,85690,4,15580,6,1,2,0
0,3,0,29890,34160,0,4270,3,6,1,1
1,13,2,40880,61320,1,10220,13,6,2,0
2,13,0,53120,79680,4,13280,7,0,2,0
2,8,2,48020,61740,1,6860,2,4,1,0
1,8,1,5120,6400,2,640,1,5,6,0
0,5,2,42420,60600,1,6060,7,4,0,0
0,17,0,40960,56320,0,5120,2,5,13,0
2,17,2,38000,52250,0,4750,8,0,11,0
2,4,0,37730,53900,3,10780,3,4,10,0
3,19,3,1980,2640,2,440,0,6,7,0
1,17,3,6210,8970,2,1380,13,0,4,0
1,12,1,4000,6000,2,1000,8,1,11,0
0,2,0,38640,55200,1,5520,1,6,10,1
3,2,1,5280,7260,2,1320,3,4,10,0
1,17,0,41160,64680,4,11760,3,1,7,0
0,1,2,47360,59200,4,11840,11,6,3,0
1,13,3,3290,4700,2,940,2,0,10,0
2,18,2,55520,69400,3,6940,11,1,8,0
2,17,2,32400,40500,4,4050,3,1,9,0
1,16,0,45000,60000,1,10000,5,4,6,0
1,1,2,44880,67320,3,11220,1,6,13,0
2,12,0,58870,75690,3,8410,12,5,10,0
0,13,0,51440,64300,1,6430,0,5,3,1
0,4,0,51520,64400,4,6440,8,4,2,0
1,13,0,64720,97080,1,16180,8,6,10,0
1,0,3,4500,5500,4,500,8,6,6,0
2,16,0,21490,30700,3,6140,13,4,7,0
1,7,2,26040,33480,4,3720,11,3,9,0
2,11,0,43620,65430,4,7270,3,6,7,0
0,11,0,31040,42680,4,7760,3,0,0,1
1,12,2,71820,87780,1,7980,2,6,6,0
0,6,0,43680,72800,1,14560,13,1,6,0
0,5,2,63280,71190,1,7910,11,4,8,1
3,9,3,2800,3600,2,400,0,1,6,0
0,5,2,41760,62640,3,10440,12,1,8,0
1,8,0,50640,69630,0,6330,9,1,12,0
1,5,0,55280,76010,4,6910,10,1,4,1
2,0,2,32160,44220,3,4020,13,6,0,0
1,4,0,41600,57200,3,10400,7,1,2,0
1,14,3,1960,3080,4,560,8,6,9,0
2,10,2,55120,75790,3,6890,7,4,0,0
1,16,0,23760,32670,0,2970,4,6,6,0
1,18,3,2580,3870,4,860,0,5,7,0
2,18,2,66560,91520,1,16640,13,1,2,1
0,3,2,54320,74690,3,13580,9,1,4,1
3,14,3,3360,4620,4,840,8,5,1,0
0,19,2,35000,55000,4,10000,11,4,12,1
0,17,0,39600,59400,4,6600,0,4,10,1
2,17,0,49120,55260,1,0,11,3,9,0
1,14,0,35980,51400,3,10280,2,0,6,0
1,15,0,32520,48780,0,10840,6,1,4,0
0,4,0,40740,52380,0,5820,1,5,12,0
2,6,0,47320,74360,3,13520,8,6,12,1
1,14,2,42720,53400,4,5340,10,1,6,0
2,10,2,43080,71800,4,14360,10,5,7,0
0,8,2,59710,68240,3,0,9,1,12,1
0,3,0,38850,61050,3,11100,7,4,4,1
1,12,1,3870,5590,2,860,2,1,11,0
0,8,0,29820,46860,1,8520,6,1,13,0
1,0,1,2730,4290,2,780,7,4,13,0
1,3,0,54950,78500,4,7850,1,0,1,0
2,12,2,55090,70830,4,7870,9,4,7,0
2,19,0,45360,68040,4,7560,5,4,11,0
0,10,2,47700,63600,1,10600,7,6,1,1
1,2,2,33880,43560,3,4840,11,6,11,0
2,8,2,40560,60840,4,6760,11,6,11,0
2,3,0,45440,68160,4,11360,12,6,5,0
1,18,1,3760,5170,2,470,13,4,12,0
2,15,2,46160,57700,0,5770,10,0,9,0
2,17,0,59680,89520,3,14920,5,5,1,0
1,15,3,3360,4620,2,840,10,6,13,0
1,19,2,35140,45180,0,5020,2,6,6,0
2,12,2,31570,45100,3,4510,2,1,9,0
2,9,0,52920,83160,4,15120,6,4,12,0
1,16,2,54810,86130,4,15660,8,6,3,0
0,17,0,33600,48000,1,4800,8,0,4,0
1,12,3,2100,3300,4,600,10,5,10,0
1,2,0,40040,57200,0,5720,10,1,12,0
3,3,3,5520,7590,4,690,0,5,0,0
2,2,2,55440,80080,4,12320,13,5,3,0
1,16,3,3360,4800,4,480,10,6,2,0
1,6,3,2730,3900,4,780,2,6,13,1
1,4,2,72320,90400,3,9040,5,4,2,0
1,11,0,44030,62900,3,12580,11,0,7,0
0,0,2,37940,54200,4,10840,10,0,9,1
0,13,0,36260,51800,4,10360,12,1,0,0
3,12,3,4800,6600,4,1200,0,4,0,0
2,12,2,53920,74140,1,6740,12,4,5,0
2,13,2,47460,67800,1,6780,8,5,8,0
0,8,2,38780,55400,1,11080,7,1,7,1
0,15,2,34370,49100,0,4910,12,4,11,1
0,18,0,75600,98280,4,7560,13,4,3,1
2,14,0,48400,66550,1,12100,10,5,5,0
0,2,0,49280,70400,1,7040,2,6,0,0
0,2,0,39960,53280,0,8880,0,6,11,1
2,9,2,53830,84590,3,15380,2,1,4,0
2,0,2,34720,54560,3,9920,4,1,10,0
1,4,2,67230,82170,0,7470,5,2,11,0
2,3,0,42770,61100,4,12220,5,1,4,0
1,6,0,36330,51900,4,10380,3,1,2,1
3,10,1,2580,3440,4,430,0,4,11,0
2,6,2,34260,51390,0,11420,7,6,12,0
0,0,2,61520,76900,3,7690,7,6,7,0
1,11,2,53900,77000,3,7700,5,6,12,1
0,19,2,41760,60320,3,9280,2,0,3,1
1,7,2,42490,60700,1,6070,1,1,6,0
2,12,0,47360,53280,4,0,3,4,3,0
1,12,2,26670,34290,1,3810,9,1,7,0
2,1,2,41760,46980,3,5220,7,6,0,0
0,4,0,25690,36700,1,7340,3,2,9,0
2,4,0,48160,60200,3,6020,3,2,13,0
1,3,1,4860,6480,2,1080,11,4,6,0
1,13,2,61040,87200,1,8720,2,0,6,0
0,17,2,72320,108480,1,18080,9,4,13,0
1,3,0,52500,67500,4,7500,1,0,11,0
0,0,2,36540,46980,3,5220,5,1,1,0
1,11,1,3680,5060,4,920,11,6,8,0
